title,company_name,location,via,description,time_job_posted,job_type,insurance_or_paid_time,Links
PTS Data Analyst,Citi,"Orange Park, FL",via CBS4Indy Jobs,"Description:

Our dynamic team makes a big difference in the way our business is operated, and as the senior business analyst, you will manage critical initiatives that drive improvements in overall operational stability. If you are a natural leader with extensive communication skills and the ability to approach a situation from a critical standpoint to make a decision and develop the best... solution. Come join our team and help guide our business as we move forward.

T he Senior Business Analyst provides strategic business analysis services to Production Management Operational Governance. The focus of this position is to work closely with the process and function owners to gain in-depth understanding of strategy, processes, services, roadmap and the context in which the business operates. This role will be key to understanding the documenting capabilities needed to address business challenges.

The Senior Business Analyst is responsible for reviewing assigned business processes from end-to-end to identify and address operational, financial and technological risks. Identify opportunities to improve efficiency. Responsibilities will include a full range of activities from leading small to mid-size initiatives to assisting managers on larger more complex activities related to operational business functions that affect team members and service providers at the market level.

Primary Responsibilities:
• Demonstrate up-to-date expertise in Information Systems and apply this to the development, execution and improvement of action plans by providing advice and guidance to others in the application of information and best practices
• Support and align efforts to meet customer and business needs
• Manage customer relationships and expectations by developing a communication process to keep others up-to-date on project results
• Stay current with customer needs and strategies; utilizing formal and informal written communication methods (for example, emails, newsletters, PowerPoint presentations, executive updates, task lists, updates) to communicate updates and findings; and facilitating project meetings and presentations to all types of diverse audiences (for example, senior management, Customers, technical staff)
• Lead or participate in multiple projects by completing and updating project documentation; managing project scope; adjusting schedules when necessary; determining daily priorities; ensuring efficient and on-time delivery of project tasks and milestones; following proper escalation paths; and managing customer and supplier relationships
• Provide leadership to team members and peers by collaborating with others; articulating ideas and viewpoints to senior management, peers and others; identifying and initiating projects; managing resources; driving the resolution of issues; and holding self and team accountable for results
• Identify, create and facilitate process design changes by conducting business and systems process analysis and design at a complex level; focusing on quality improvement and data management; ensuring data is reliable and valid; developing process improvements or re-engineering and recommending elimination; integrating new systems and processes with existing ones; and partnering with internal and external customers to ensure systems provided meet the long-term business strategies
• Provide and support the implementation of business solutions by building relationships and partnerships with key stakeholders; identifying business needs; determining and carrying out necessary processes and practices; monitoring progress and results; recognizing and capitalizing on improvement opportunities; and adapting to competing demands, organizational changes and new responsibilities
• Identify improvement opportunities (proactive and reactive)
• Elicit and clearly document business and systems requirements
• Assess business process and system inefficiencies
• Identify ways to increase adoption and customer satisfaction
• * Demonstrated fluency in business processes and process differentiation
• Ability to analyze and synthesize business requirements, including recognizing patterns and conceptualizing processes
• Understand and negotiate needs and expectations of multiple stakeholders
• ITIL Foundation certification is a plus, Manager's certification will be an asset.
• Strong project management, ability to successfully manage multiple tasks at any given point, strong relationship building skills & communication skills
• Understanding of Indices, fundamentals and analytical data, returns level data etc.
• Data analysis - Must have proficiency with SQL, Microsoft Excel
• Experience with support technologies: Service Now, Splunk, Aternity, AppDynamics, Cognos a plus

Core Competencies/ Skills:
• Self-reliant, reliable, well-organized and able to keep a number of activities in progress in parallel, balancing priorities as necessary
• Positive 'can-do' attitude
• Self-starter, takes ownership and accountability for assigned work
• Client Focused and determined in getting the job done right,
• Strong analytical skills, ability to logically break down tasks into smaller manageable parts
• Ability to identify and manage key risks and issues,
• Ability to identify, challenge and improve inefficiencies
• Strong interpersonal skills, within the team, and interacting with multiple levels of management across GCG and CTI organizations.
• Flexible, proactive, and self-motivated with a proven ability to drive Improvement efforts.

-------------------------------------------------

Job Family Group:
Technology

-------------------------------------------------

Job Family:
Business Analysis / Client Services

------------------------------------------------------

Time Type:
Full time

------------------------------------------------------

Citi is an equal opportunity and affirmative action employer.

Qualified applicants will receive consideration without regard to their race, color, religion, sex, sexual orientation, gender identity, national origin, disability, or status as a protected veteran.

Citigroup Inc. and its subsidiaries (""Citi"") invite all qualified interested applicants to apply for career opportunities. If you are a person with a disability and need a reasonable accommodation to use our search tools and/or apply for a career opportunity review Accessibility at Citi .

View the "" EEO is the Law "" poster. View the EEO is the Law Supplement .

View the EEO Policy Statement .

View the Pay Transparency Posting

-----------------------------

Effective November 1, 2021, Citi requires that all successful applicants for positions located in the United States or Puerto Rico be fully vaccinated against COVID-19 as a condition of employment and provide proof of such vaccination prior to commencement of employment",9 hours ago,Full-time,,https://jobs.cbs4indy.com/jobs/pts-data-analyst-orange-park-florida/617778682-2/?utm_campaign=google_jobs_apply&utm_source=google_jobs_apply&utm_medium=organic
Quality Data Analyst,ADMA Biologics,"Boca Raton, FL",via FOX46 Jobs,"ADMA Biologics is a biopharmaceutical company relentlessly committed to creating superior products for immunodeficient patients at risk for infection. It is our devotion to this underserved population that fuels us and our hands-on approach to production and development that sets us apart. If you are looking for a dynamic, innovative, growing company in the biopharmaceutical industry that is... committed to excellence and integrity, then consider ADMA Biologics. We currently have an exciting opportunity available for a Quality Data Analyst!

The Quality Data Analyst guides QC Laboratory Support initiatives. Main Areas of focus: Stability Program including monitoring and trending of test results for product stability deliverables (regulatory reports, information requests).
Qualifications
• Provide support of Quality Control Stability Program through analysis and documentation of biopharmaceutical product performance for FDA submissions, annual product qualification reports, and quarterly program updates. Essential functions include:
• Coordinate data from various sources (LIMS, MS Excel, Quality Systems) of product test results, testing metrics, events/deviations and verify for completeness and accuracy
• Conduct statistical analysis of trends by linear regression, ANCOVA, and control charting
• Organize and maintain data records to assure compliance; generate and finalize data graphs and tables
• Prepare, edit, and proofread final data reports for formatting, legibility, completeness, and adherence to regulatory and company guidelines
• Identify opportunities for and participate in continuous improvement of documentation system to increase efficiency and compliance
• Has expertise and guides others in cGMP and cGDP practices in documentation and execution of job functions.
• Ensures compliance with all regulatory requirements by verifying procedures are being followed, all recordkeeping is current, proper maintenance occurs and new requirements are identified as they arise.
• Interacts with others, both within and outside the department, to provide customer support on issues and inquiries related to QC department functions.
• Performs, reviews and trains on processes performed within the department.
• Assists in other functions, as assigned by the Manager in Stability Program areas of responsibility such as sample preparation, controlled chamber monitoring, etc.

Education Requirements: Requires a Bachelor's degree in Biology, Chemistry, Mathematics, or related scientific field.

Experience Requirements: Requires 1-3 years of experience in a regulated laboratory setting and/or previous work experience in a regulated environment (FDA, EPA, etc.) is required. Must be familiar with GLP and GMP guidelines. Familiarity and knowledge of test methods for biologics and experience with JMP Statistical Analysis software is a significant plus.

In addition to competitive compensation, we offer a comprehensive benefits package including:
• 401K plan with employer match and immediate vesting
• Medical, Vision, Life and Dental Insurance
• Pet Insurance
• Company paid STD and LTD
• Company Paid Holidays
• 3 Weeks' Paid Time Off (within the first year)
• Tuition Assistance (after the first year)
• Easily accessible to Tri-Rail
• Free shuttle to the Boca Tri-Rail station

ADMA Biologics uses E-Verify to confirm the employment eligibility of all newly hired employees. To learn more about E-Verify, including your rights and responsibilities, please visit

ADMA Biologics is an Equal Opportunity Employer",10 hours ago,Full-time,Paid time off-Dental insurance,https://openings.cu-fc.com/jobs/quality-data-analyst-boca-raton-florida/617733034-2/?utm_campaign=google_jobs_apply&utm_source=google_jobs_apply&utm_medium=organic
ServiceNow Data Analyst,Hays,"Orlando, FL",via LinkedIn,"ServiceNow Data Analyst – Contract – Orlando, FL/Hybrid - $52.00-$62.00/hr

The end client is unable to sponsor or transfer visas for this position; all parties authorized to work in the US without sponsorship are encouraged to apply...

An Entertainment Company is seeking a ServiceNow Data Analyst in Orlando, FL/Hybrid.

Role Description

This role will ensure data is accurate & maintained within the CMDB (Configuration Management Database), and work on short term projects related to Knowledge Management integrations. You will be supporting the Work Day implementation.

• Work with Data Owners to monitor data accuracy.

• Strategically drive data reviews on set frequencies

• Help to create and communicate company data policies and procedures to ensure data quality and reduce discrepancies

• Maintain in-depth understanding of how data flows around the business, who uses it, and how

• Monitor day to day processes to ensure data quality controls

• Ensure training documentation is accurate (including updates required)

• Understand data rules and relationships between other applications, integrations and services

• Utilizes technical expertise to analyze system-related changes

• Support & drive continuous data governance of key data points for applications, infrastructure, network

• Drive communication & awareness of data quality governance processes

• Calculate KPIs to measure success of data quality efforts

• Work with Data Board to escalate key issues and communicate status

Skills & Requirements

• Service Now automation

• Service Management

• 2+ years of experience in data analytics

Why Hays?

You will be working with a professional recruiter who has intimate knowledge of the industry and market trends. Your Hays recruiter will lead you through a thorough screening process in order to understand your skills, experience, needs, and drivers. You will also get support on resume writing, interview tips, and career planning, so when there’s a position you really want, you’re fully prepared to get it.

Additionally, this position is a contract role where Hays offers you the opportunity to enroll in full medical, dental or vision benefits.

• Medical

• Dental

• Vision

• 401K

• Life Insurance ($20,000 benefit)

Nervous about an upcoming interview? Unsure how to write a new resume?

Visit the Hays Career Advice section to learn top tips to help you stand out from the crowd when job hunting.

Hays is an Equal Opportunity Employer.

Drug testing may be required; please contact a recruiter for more information",1 day ago,Full-time,Dental insurance-Health insurance,https://www.linkedin.com/jobs/view/servicenow-data-analyst-at-hays-3114332484/?utm_campaign=google_jobs_apply&utm_source=google_jobs_apply&utm_medium=organic
Staff Mission Systems Data Analyst,Northrop Grumman,"Melbourne, FL",via CBS4Indy Jobs,"Requisition ID: R
Category: Engineering
Location: Melbourne, Florida, United States of America...
Citizenship Required: United States Citizenship
Clearance Type: Secret
Telecommute: No- Teleworking not available for this position
Shift: 1st Shift (United States of America)
Travel Required: Yes, 25% of the Time
Positions Available: 1

At Northrop Grumman, our employees have incredible opportunities to work on revolutionary systems that impact people's lives around the world today, and for generations to come. Our pioneering and inventive spirit has enabled us to be at the forefront of many technological advancements in our nation's history - from the first flight across the Atlantic Ocean, to stealth bombers, to landing on the moon. We look for people who have bold new ideas, courage and a pioneering spirit to join forces to invent the future, and have fun along the way. Our culture thrives on intellectual curiosity, cognitive diversity and bringing your whole self to work - and we have an insatiable drive to do what others think is impossible. Our employees are not only part of history, they're making history.

Northrop Grumman Aeronautics Systems sector is seeking a Staff Mission Systems Data Analyst in our diverse and talented team. This position will be located in Melbourne, FL and support the Mission Systems IPT.

The Mission Management team is seeking an analytically-minded engineer to help understand, perform data reduction, and measure overall effectiveness of the mission software capabilities under test. The successful candidate will develop analytical tools to process laboratory data from large scale simulations that incorporate digital twin implementations of sensors, communications, and different configurations of the Mission Software Operational Flight Program for Air Dominance applications.

The successful candidate will also perform analysis of flight test data for early maturation demonstrations of the Mission Software. The candidate should be comfortable tackling challenging problems which lack clear definition. This role will support the Mission Systems IPT where consultation with Subject Matter Experts is required to be successful. Motivated candidates will have the opportunity to learn about diverse and cutting edge sensor technology including EOIR, EW, Radar, Communications and Mission Computing. Interest or experience in the following areas is a plus: EOIR subsystems, EW subsystems, RF/antenna subsystems, digital communications, data processing methods and capabilities.

Candidate will contribute to high-visible activities and have opportunities to periodically demonstrate integrated capabilities to sector leadership and high value customers.

Essential Functions:

Develop tools to help reduce and analyze bus traffic data recorded during simulations.

Conduct performance analysis that incorporate use of digital twin and high fidelity subsystem simulators, and mission software.

Test/experiment design to conduct parametric performance analysis

Implement visualization tools for performance evaluation

Direct customer and supplier interaction to include regular presentations and detailed analysis

Basic Qualifications:

Bachelor's Degree in a Science, Technology, Engineering or Mathematics (STEM) discipline from an accredited university with a minimum of 14 years of experience OR a Master' degree in STEM with 12 years of experience OR 4 years of experience with a STEM PHD

Must have experience with Modeling and simulations tools (MATLB, STK, Solipsis, AFSIM, etc.)

Must have familiarity with lab based testing and integration of software into representative hardware

Must have strong technical writing and communication skills as well as flexibility to evolving program environments.

Must have experience in Software Development lifecycle.

Must have an Active in-scope DOD Secret Security Clearance or higher

Must have the ability to obtain and maintain program access

Preferred Qualifications:

Experience with data reduction from flight test/ lab integration activities

Experience integrating and debugging software on hardware

Proven ability to brief technical presentations to stakeholders.

Familiarity in Agile and Digital Engineering processes

Familiarity with Atlassian tool suite

Active in-scope Top Secret clearance with current or previous Program Access

Salary Range: $134,700 USD - $202,100 USD

Employees may be eligible for a discretionary bonus in addition to base pay. Annual bonuses are designed to reward individual contributions as well as allow employees to share in company results. Employees in Vice President or Director positions may be eligible for Long Term Incentives. In addition, Northrop Grumman provides a variety of benefits including health insurance coverage, life and disability insurance, savings plan, Company paid holidays and paid time off (PTO) for vacation and/or personal business.

The health and safety of our employees and their families is a top priority. The company encourages employees to remain up-to-date on their COVID-19 vaccinations. U.S. Northrop Grumman employees may be required, in the future, to be vaccinated or have an approved disability/medical or religious accommodation, pursuant to future court decisions and/or government action on the currently stayed federal contractor vaccine mandate under Executive Order 14042

Northrop Grumman is committed to hiring and retaining a diverse workforce. We are proud to be an Equal Opportunity/Affirmative Action Employer, making decisions without regard to race, color, religion, creed, sex, sexual orientation, gender identity, marital status, national origin, age, veteran status, disability, or any other protected class. For our complete EEO/AA and Pay Transparency statement, please visit U.S. Citizenship is required for most positions",18 hours ago,Full-time,Paid time off-Dental insurance,https://www.mendeley.com/careers/job/staff-mission-systems-data-analyst-13316799?utm_campaign=google_jobs_apply&utm_source=google_jobs_apply&utm_medium=organic
Data Analyst,"Disney Parks,Parks, Experiences and Products","Kissimmee, FL",via Disney Careers,"From toys to apparel, books to games, and much more, Disney Consumer Products, Games and Publishing (CPGP) brings our company's products, through stories and characters, to markets worldwide. With a portfolio of renowned franchises including Disney, Pixar, Marvel, Star Wars, 20CS and National Geographic, our efforts to bring innovative and experiential products, designed to entertain and inspire... is industry-leading and category shaping.

The Data Analyst role manages data related process management and coordination across Consumer Products line of business. The Data Analyst is trained for using the data, helping ensure that the data is defined and used throughout the system(s). The Data Analyst will be the primary contact for PLM users working in the lines of business, and has an understanding of Data Governance principles and processes. The Data Analyst is charged with stewardship at an enterprise level.

Responsibilities :
Design
• Participate in identifying and proposing solutions to data quality issues
• Participate in identifying and proposing Data Governance solutions
Tools
• Use implementation of workflow and other Data Governance tools
• Use quality and performance metric tracking tools
• Use data querying and analysis tools
• Support execution of Data Governance standards through technology
• Conduct the update of data dictionary and maintain metadata
Data Quality Assessment
• Enforce technical data standards and monitor compliance at the enterprise level
• Ensure that data decisions are communicated and business & technology groups understand impacts of the decisions
• Report data quality metrics
• Complete audits and assess results using the IT Data Steward in the domains
• Support all audit functions (e.g. SOX, sustainability, and traceability
• Consolidate LOB level data quality metrics for use at the Data Governance Organization (DGO)
Data Quality Continuous Improvement
• Identify process improvement opportunities
• Help implement corrective actions to resolve data quality problems
• Track data quality goals and plans at the enterprise level
• Coordinate the tracking and documentation of all technical documents
Guidance
• Bring compliance to established standards and metrics
• Communicate and enforce data policies, rules, and standards
• Maintain the processes for Data Governance for the enterprise
• Help create and guide implementation plans for the data policies, rules, and standards
• Help ensure agreement of data quality activities to business and Data Governance strategies
• Provide guidance to project teams around metrics requirements and tracking to monitor data quality efforts
• Able to story-tell and gain support with data.

Basic Qualifications :
• BA/BS college degree or its equivalent in relevant area
• 5years of experience in data analytics and planning.
• Strong knowledge of Microsoft Excel including pivot tables and formulas.
• Understanding of existing technology architecture
• Understand requirements and impacts on other departments, regions, and downstream systems

Preferred Qualifications:
• Experience in a consumer products company or retailer a plus.
• Self-starter with ability to multi-task, adapt quickly, problem solve, learn independently, and complete projects with short timelines
• Experience in a consumer products company or retailer a plus.
• Strong organizational skills and sharp attention to detail.
• Excellent root cause analysis skills

Additional Information :
Benefits and Perks: Disney offers a rewards package to help you live your best life. This includes health and savings benefits, educational opportunities and special extras that only Disney can provide. Learn more about our benefits and perks at https://jobs.disneycareers.com/benefits.

This role is located in Orlando, FL

#CPGPJOBS #DPEPFLA",26 days ago,Full-time,,https://jobs.disneycareers.com/job/kissimmee/data-analyst/391/29002672832?utm_campaign=google_jobs_apply&utm_source=google_jobs_apply&utm_medium=organic
Senior Data Analyst - Server Patching,Bank of America,"Jacksonville, FL",via Bank Of America Careers,"Job Description:

Position Summary...

The ‘Currency – Server Patching’ team aim to remediate and help prevent server vulnerabilities within the Bank by keeping existing operating system and software products current. Server Patch Management includes targeting, scheduling, patch application, governance and reporting that operate enterprise–wide to drive risk reduction. In principle, the program operates under these expectations:
• Every server is patched at least once per month
• Patches are applied consistently and effectively
• Patches are applied in accordance with timelines established by Global Information Security
• When patches cannot be applied within mandated timelines, a remediation plan is defined and approved by both the Line of Business and Global Information Security.
• The team requires a Compliance Reporting Data Analyst to support the Currency - Server Patching program by providing timely analysis and reporting services, working closely with risk stakeholders from across the organization to report on compliance remediation efforts across regions and lines of business.

The core responsibilities of the Compliance Reporting Analyst role are :
• Extract and analyze complex sets of information from multiple data sources
• Utilize graphs, infographics and other methods to present relevant data
• Optimize current reporting to ensure it is current, accurate and actionable
• Develop and provide pro-active vulnerability remediation reporting – including tactical ‘Call to Action’ reports
• Create materials presented to senior leadership and stakeholders
• Identify and optimize new data sources to satisfy compliance audit and reporting needs
• Enable on demand, self-service reporting through Tableau, ESMART or other tools.
• Will require strong partnership with line of business, business intelligence and technology stakeholders.

Primary Skill :Tableau

Required Skills:
• 5+ years in data analytics 5+ years’ experience with reporting (Tableau, eSMart or similar tools).
• Exceptional analytical and problem solving skills.
• Exceptional organizational skills with keen attention to detail Ability to QA and troubleshoot data sets.
• Ability to work in high-pressure situations.

Desired Skills:
• Proven track record of building and deploying reporting solutions.
• Strong project management and communication skills.
• Proficiency in SQL .
• Proficiency in Excel.

Shift:
1st shift (United States of America)

Hours Per Week:
40",1 day ago,Full-time,,https://careers.bankofamerica.com/en-us/job-detail/22053687/senior-data-analyst-server-patching-jacksonville-florida-united-states?utm_campaign=google_jobs_apply&utm_source=google_jobs_apply&utm_medium=organic
Senior Data Analyst,Avalon Healthcare Solutions,"Tampa, FL",via WKRG Jobs,"About the Company:

Avalon Healthcare Solutions, headquartered in Tampa, Florida, is a clinical services and information technology company using evidence-based medicine to develop and deploy medical policies and protocols in the high-volume, dynamic and complex diagnostic lab environment. The company manages the appropriate use of thousands of existing lab tests and researches new tests to... determine efficacy and impact on patient care.

Studies show that 30% of clinical laboratory testing is unnecessary or overused. Inappropriate testing or missing a key screening can lead to complications and expense arising from unwarranted care, or not obtaining proper care when needed, leading to increased health risks and costs. Avalon helps ensure delivery of the right test, at the right time, and in the right setting. We seek to ensure the most effective patient treatment, improve clinical outcomes, and optimize cost and affordability.

Avalon is a portfolio company of Francisco Partners, a global private equity firm that specializes in investments in technology and technology-enabled service companies. Since its launch 15 years ago, FP has raised approximately $10 billion and invested in more than 150 companies.

Avalon is a high growth company where every associate has an opportunity to make a difference. You will be part of a team that shapes a new market and business. You'll enjoy seeing the results of your work as we rapidly implement our plan. Most importantly, you will help Avalon to achieve its mission and improve clinical outcomes and health care affordability for the people we serve.

For more about Avalon, please visit our web site at .

About the Senior Data Analyst Position:

The Senior Data Analyst will be a key member of the Avalon Core Implementation Team. This position will be focused primarily on client delivery and will be in close contact with Avalon IT and Implementation teams as well as external business stakeholders. An ideal candidate will have the following:
• A thorough background in database development.
• Effective communication skills with the ability to coordinate technical integration concepts between business and IT.
• Experience documenting technical requirements, data mappings, use case diagrams, and ERDs.
• A strong background in Healthcare IT, focused on payer systems.
• Organizational skills within a fast-paced environment.
• Persistence, sense of ownership, and a drive for continuous improvement.

Senior Data Analyst - Essential Responsibilities:
• Act as business owner of data extract file layouts and supplemental documentation.
• Guide clients through integration requirements - analyze and assist with ETL design, data mapping, and validation.
• Work with internal teams to manage data across multiple environments.
• Coordinate implementation activities between internal and external stakeholders.
• Create and maintain technical documentation to facilitate client onboarding.

Senior Data Analyst - Minimum Qualifications:
• Bachelor's Degree in related field and/or 5+ years of relevant work experience.
• Minimum of five years of IT experience developing databases and stored procedures on the MS-SQL Server platform.
• Advanced knowledge of performance tuning and query optimization.
• Comfortable in a high-visibility, individual contributor role with the ability to work cross-functionally and with all levels of the organization.
• Demonstrated ability to lead a team through problem solving and creative solutioning
• Demonstrated ability to deliver results while balancing competing priorities and timelines.
• Healthcare experience strongly preferred. Insight into claims, remittance advice, eligibility and prior authorization is highly valued.

PM18

PI",22 hours ago,Full-time,,https://www.talent.com/view?id=c7e3da7c28cd&utm_campaign=google_jobs_apply&utm_source=google_jobs_apply&utm_medium=organic
"Data Analyst, Graduate Business",University of Miami,"Coral Gables, FL",via LinkedIn,"Current Employees:

If you are a current Staff, Faculty or Temporary employee at the University of Miami, please click here to log in to Workday to use the internal application process. To learn how to apply for a faculty or staff position using the Career worklet, please review this tip sheet...

Transforming Lives

The University of Miami is among the top research universities and academic medical centers in the nation, and one of the largest private employers in South Florida.

With more than 16,000 faculty and staff, the University strives for excellence, and is driven by a powerful mission to transform and impact the lives of its students, patients, members of the community, and people across the globe.

The University is committed to fostering a culture of belonging, where everyone feels valued and has the opportunity to add value. Through values of Diversity, Integrity, Responsibility, Excellence, Compassion, Creativity, and Teamwork (DIRECCT) the U community works together to create an environment driven by purpose, excellence, community, and service.

The Data Analyst provides strategic business and data analysis for Miami Herbert Business School(MHBS). The focus of this position is to work closely with departments throughout MHBS and the University to gain in-depth understanding of the school’s, as well as the overall University’sbusiness strategy, processes, services, roadmap and the context in which MHBS operates. This role will be key to understanding and developing data analysis capabilities needed to address business challenges.

Overall Responsibilities
• Act as the subject matter expert in data driven processes and provide leadership in this area to team members and peers by collaborating with others; articulating ideas and viewpoints to all levels; identifying and initiating projects; managing resources; driving the resolution of issues; and holding self and team accountable for results.
• Collaborate with multipledepartments throughout the University, particularly MHBSIT and University of Miami Information Technology (UMIT)to gather, interpret, and communicate business requirements needed for IT-leadsystem modifications, integrations, enhancementsand implementations.
• Support department heads in their analytical needs to help them make data-driven decisions by preparing, analyzing and presenting data under the format of dashboards and trackers.
• Understand key business objectives to support analysis and solution definition.
• Work within a cross-functional team to design reports, dashboards, storyboards and visual representation of both internal and externaldatasets.
• Assess business processes in order to identify opportunities for increased efficiencies.
• Analyze and synthesize business requirements, including recognizing patterns and conceptualizing processes.
• Understand and negotiate needs and expectations of multiple stakeholders.
• Manage, manipulate and analyze large volumes of data and interpret into meaningful reports and dashboards.
• Collaboratewith business stakeholders to define scope and priorities for multiple concurrent technology or data initiatives (new enhancements and ongoing maintenance).
• Lead or participate in multiple projects by completing and updating project documentation; managing project scope; adjusting schedules when necessary; determining daily priorities; ensuring efficientand on-time delivery of project tasks and milestones; following proper escalation paths; and stakeholder and departmental relationships
• Identify, create and facilitate process design changes. Design changes can include complex enhancements or integrations that require: conducting business and systems process analysis; focusingon quality improvement and data management; ensuring data is reliable and valid; developing process improvements or re-engineering and recommending elimination; integrating new systems and processes with existing ones; and partnering with internal and external customers to ensure systems provided meet the long-term business strategies.
• Assist with and test implementation for all payer and vendor relationships to ensure data transfer collection, quality and reporting relationships are working appropriately down to the market level to ensure market team member and provider experience is appropriate.
• Provide project level analysis,as needed,producing required project analysis documentation.
• Collaborate closely with developers to assist in the implementation ofprojectrequirements.
• Identify improvement opportunities (proactive and reactive).
• Identify ways to increase user adoption and customer satisfaction.Train end users to effectively use data visualizations and reporting tools and customize reports based on the functional, local needs of the users.
• Utilize data to make actionable recommendations at all levels.
• Ensure that project/department milestones and goals are met and adhering to approved budgets.
• Exhibit flexibility and willingness to take on new responsibilities and assignments as identified and to assist with various ad hoc analyses and modeling as needed.
• Remain up to date with new technologies to identify opportunities to improve business intelligence processes.Areas of Focus:The Data Analystwill support department heads in their analytical needs to help them make data-driven decisions by preparing, analyzing and presenting data under the format of dashboards and trackers.Three areas of focus include:Admissions and Marketing:
• Develop, implement, and maintain automated reports on key results and performance metrics to support and improve marketing decisions.
• Champion data-first approach to marketing, always looking for more meaningful ways to engage with our customers.
• Provide robust insights into digital behavior of our end-users and make strategic recommendations on ways to best engage them.
• Performing in-depth analysis of the customer database as well as providing deep customer journey analytics.
• Be a key driver in bringing innovative ideas to the table that are backed by robust analysis, models and insights.
• Design and develop automated dashboards from various data sources to closely monitor business KPIs, uncover industry trends and insights to optimize spending and measure ROI.
• Monitor performance indicators of admissions and operations functions, identifying causes/trends and drive data-based decision making through creation of insightful reports.
• Aggregate data from multiple data sources to provide a complete picture and tell a story of the market and customer experience.
• Create marketing analytics to acquire new customers more efficiently: analyze customer flow and ensure all measures will lead to conversion and marketing campaign effectiveness.
• Interpret results of promotions and processes, making valuable suggestions to raise future performance.

Programs and Advising:
• Develop, implement, and maintain automated reports on key results and performance metrics to support and improve program/advisinglevel reporting.

Career Advancement Center
• Evaluate career events and propose changes to ensure most effective allocation of resources.
• Lead the collection of placement data for students and alumni. Collect andreport placement data for internships and full-time opportunities.
• Maintain accurate records and statistical information on programs attended by students, alumni and employers for rankings and marketing.
• Work in partnership with Career Advancement to ensure data is accurate.

Requirements:
• Bachelor in Business, Engineering or related field required, with 5 years’ work experience. Master in Business Analytics or related field preferred.

A combination of relevant education and experience may be considered.
• Demonstrated fluency in business processes and process differentiation.
• Must have experience working on large scale projects as well as handling day-to-day operational requests from the business.
• Strong project management, ability to successfully managemultiple tasks at any given point, strong relationship building skills & communication skills
• Understanding of business processes,data collection, system integration, workflows, reports, and dashboards.
• Data analysis –Must have proficiency with Salesforce Sales Cloud, Salesforce Marketing Cloud, SQL, as well as understanding of various other platforms and their interoperability and ability to integrate into an end-to-end solution and provide a complete view of the data throughout.
• Ability to set priorities and objectives, then plan, organize, and manage the work in order to meet time/schedule constraints.
• Strong organization skills
• Superior problem-solving skills, in both ambiguous and tactical situations, and a bias for action.
• Ability to exercise sound judgment in making critical decisions
• Skill in completing assignments accurately and with attention to detail.
• Ability to analyze, organize and prioritize work under pressure while meeting deadlines.
• Ability to work independently and/or in a collaborative environment.
• Ability to communicate effectively in both oral and written form.
• Ability to maintain effective interpersonal relationships.
• Proficiency in computer software (i.e. Microsoft Office)

The University of Miami is an Equal Opportunity Employer - Females/Minorities/Protected Veterans/Individuals with Disabilities are encouraged to apply. Applicants and employees are protected from discrimination based on certain categories protected by Federal law. Click here for additional information.

Job Status:

Full time

Employee Type:

Staff

Pay Grade:

c106",1 day ago,Full-time,,https://www.linkedin.com/jobs/view/data-analyst-graduate-business-at-university-of-miami-3106533978/?utm_campaign=google_jobs_apply&utm_source=google_jobs_apply&utm_medium=organic
Data Analyst III,Sunshine State Health Plan,"Orlando, FL (+1 other)",via Centene - Centene Corporation,"Position Purpose:
Responsible for analytic data needs of the business unit. Handle complex data projects and acts as a lead for other Data Analysts
...
You could be the one who changes everything for our 25 million members. Centene is transforming the health of our communities, one person at a time. As a diversified, multi-national organization, you’ll have access to competitive benefits including a fresh perspective on workplace flexibility.
• Provide advanced analytical support for business operations in all or some of the following areas: claims, provider data, member data, clinical data, HEDIS, pharmacy, external reporting
• Extract, load, model, and reconcile large amounts of data across multiple system platforms and sources
• Review data to determine operational impacts and needed actions; elevate issues, trends, areas for improvement and opportunities to management.
• Develop reports and deliverables for management
• Model data using MS Excel, Access, SQL, and/or other data ware house analytical tools
• Ensure compliance with federal and state deliverable reporting requirements by performing data quality audits and analysis.
• Assist with training and mentoring other Data Analysts.

Our Comprehensive Benefits Package:
• Flexible work solutions including remote options, hybrid work schedules and dress flexibility
• Competitive pay
• Paid Time Off including paid holidays
• Health insurance coverage for you and dependents
• 401(k) and stock purchase plans
• Tuition reimbursement and best-in-class training and development

Education/Experience:
Bachelor’s degree in related field or equivalent experience. 4+ years of statistical analysis or data analysis experience. Healthcare experience preferred. Advanced knowledge of Enterprise Reporting and Analysis tools, SQL, and Microsoft Office applications, including Excel and Access. Experience managing projects or heavy involvement in project implementation.

HEDIS:
Bachelor’s degree related field or equivalent experience. 4+ years of statistical analysis or data analysis experience or 2-4 years of HEDIS data analysis experience including measurement and rates impacted. Advanced knowledge of Business Intelligence Tools, SQL, and Microsoft Applications, including Excel and Access.

BUSINESS ANALYTICS::
Bachelor’s degree in related field or equivalent experience. 4+ years of statistical analysis or 2+ years of related IT experience, including data warehouse, coding or ETL experience. Healthcare experience preferred. Advanced knowledge of Enterprise Reporting and Analysis tools, SQL, and Microsoft Office applications, including Excel and Access. Experience managing projects or heavy involvement in project implementation. Encounters experience preferred.

Data Governance:
Bachelor’s degree in related field or equivalent experience. 4+ years of data analysis or 2+ years of related IT experience, including data warehouse. Healthcare experience preferred. Advanced knowledge of, Microsoft Office applications, including Excel and Access. Experience managing projects or heavy involvement in project implementation.

HRIS
Bachelor’s degree in related field or equivalent experience. 4+ years of related IT experience and/or data analysis experience, including 2+ years’ experience with HRMS such as PeopleSoft, SAP or Workday. Healthcare experience preferred. Advanced knowledge of Enterprise Reporting and Analysis tools, SQL, and Microsoft Office applications, including Excel and Access. Strong understanding of HRMS database design, structure, functions and processes, and experience with databases tools. Supports HR systems as functional administrator evaluating new release functionality to include testing and implementation of new functionality. Experience managing projects or heavy involvement in project implementation.

PHARMACY UNDERWRITING
Bachelor’s degree in related field or equivalent experience. 4+ years of experience in underwriting analysis (preferred in pharmacy or medical field), or 5+ years of experience in data analysis, financial reporting/auditing, data warehouse, coding, or predictive analytics. Advanced knowledge of SQL, Excel, and Microsoft applications

Centene is an equal opportunity employer that is committed to diversity, and values the ways in which we are different. All qualified applicants will receive consideration for employment without regard to race, color, religion, sex, sexual orientation, gender identity, national origin, disability, veteran status, or other characteristic protected by applicable law",7 days ago,Full-time,nan-Paid time off,https://jobs.centene.com/us/en/job/1294703/Data-Analyst-III?utm_campaign=google_jobs_apply&utm_source=google_jobs_apply&utm_medium=organic
Manager Data Analytics 2 (Data Strategy & Analytics),Northrop Grumman,"Melbourne, FL",via FOX4KC Jobs,"At Northrop Grumman, our employees have incredible opportunities to work on revolutionary systems that impact people's lives around the world today, and for generations to come. Our pioneering and inventive spirit has enabled us to be at the forefront of many technological advancements in our nation's history - from the first flight across the Atlantic Ocean, to stealth bombers, to landing on the... moon. We look for people who have bold new ideas, courage and a pioneering spirit to join forces to invent the future, and have fun along the way. Our culture thrives on intellectual curiosity, cognitive diversity and bringing your whole self to work - and we have an insatiable drive to do what others think is impossible. Our employees are not only part of history, they're making history.

Northrop Grumman Aeronautics has an opening for a Manager Programs 2, to join our team of qualified, diverse individuals in Melbourne, Florida.

The candidate will lead the Data Strategy & Analytics team, responsible for establishing a culture of data driven decision making and creating business value through promoting the application of data analytics techniques across a broad range of business areas. They will regularly interact with key stakeholders to identify, develop, and deploy data analytics systems that are aligned to our strategic roadmap. The successful candidate must be entrepreneurial, a self-starter that is willing to challenge the status quo.

Key Responsibilities
• Develop and implement the ETL and analytics strategy for Strike Programs
• Build and lead a high performing team of data engineers and analysts
• Proactively identify issues and inefficiencies within the business to develop and deploy solutions
• Drive the adoption of data analysis methodologies across program operations for improved performance analysis
• Lead the monitoring and analysis of operational data to identify trends, issues, and opportunities, and provide recommendations/solutions
• Actively engage with program leaders and key stakeholders to identify and understand operational problems
• Design and manage the data infrastructure, network, and system automation
Basic Qualifications
• Bachelor's degree in a STEM related field and 7+ years applicable experience OR a Master's in STEM and 5+ years applicable experience
• Significant experience with data analytics tools and techniques (e.g. SQL, python, Tableau, etc.)
• Experience with large scale distributed software and agile software development methodologies
• Ability to obtain a DOD Top Secret clearance
Preferred Qualifications
• Master's Degree in Engineering, Mathematics, Statistics, or Computer Science
• 3+ years of hands-on software development experience
• Excellent ability to communicate complex analytical subject matter across varied audiences
• Strong understanding of business and engineering processes, tools, and techniques
• Proven ability to lead and inspire cross-functional teams
• Experience with UX design and development
• Demonstrated experience developing product visions and fostering effective engineering teams
• Experience collecting, analyzing, and synthesizing insights from multiple data sources
• Understanding of Northrop Grumman policy, process, and products
• Ability to make decisions with minimal support
• Experience in a program management role
• Current DOD Top Secret clearance
Employees may be eligible for a discretionary bonus in addition to base pay. Annual bonuses are designed to reward individual contributions as well as allow employees to share in company results. Employees in Vice President or Director positions may be eligible for Long Term Incentives. In addition, Northrop Grumman provides a variety of benefits including health insurance coverage, life and disability insurance, savings plan, Company paid holidays and paid time off (PTO) for vacation and/or personal business.

The health and safety of our employees and their families is a top priority. The company encourages employees to remain up-to-date on their COVID-19 vaccinations. U.S. Northrop Grumman employees may be required, in the future, to be vaccinated or have an approved disability/medical or religious accommodation, pursuant to future court decisions and/or government action on the currently stayed federal contractor vaccine mandate under Executive Order 14042 .

Northrop Grumman is committed to hiring and retaining a diverse workforce. We are proud to be an Equal Opportunity/Affirmative Action Employer, making decisions without regard to race, color, religion, creed, sex, sexual orientation, gender identity, marital status, national origin, age, veteran status, disability, or any other protected class. For our complete EEO/AA and Pay Transparency statement, please visit . U.S. Citizenship is required for most positions",6 days ago,Full-time,Paid time off-Dental insurance,https://jobs.wkrg.com/jobs/manager-data-analytics-2-data-strategy-analytics-melbourne-florida/612254490-2/?utm_campaign=google_jobs_apply&utm_source=google_jobs_apply&utm_medium=organic
Data Analytics Analyst and Developer,Citi,"Fleming Island, FL",via CBS4Indy Jobs,"The Data Analytics Lead Analyst is a strategic professional who stays abreast of developments within own field and contributes to directional strategy by considering their application in own job and the business. Recognized technical authority for an area within the business. Requires basic commercial awareness. There are typically multiple people within the business that provide the same level... of subject matter expertise. Developed communication and diplomacy skills are required in order to guide, influence and convince others, in particular colleagues in other areas and occasional external customers. Significant impact on the area through complex deliverables. Provides advice and counsel related to the technology or operations of the business. Work impacts an entire area, which eventually affects the overall performance and effectiveness of the sub-function/job family.

Responsibilities:
• Manage the collection, transformation and utilization of data to support the business demand
• Apply Financial and Resource Management business acumen to data to sort, label and connect data in a useable format
• Perform acceptance reviews of team's analysis to identify issues with User Experience, data quality, data presentation or data completeness

Qualifications:
• 4+ years experience in either Financial Services, Application Development or Human Resources markets performing business analysis functions
• Expert level MS Excel user able to demonstrate pivot tables, lookups, complex calculations, macros, and other advanced functions
• 2+ years experience creating and using sql to utilize database (access, postgres, or other databases) capabilities
• Excellent analytical skills linking diverse data sets to provide seamless views
• Experience with Cognos Report Writer, Tableau Creator, Tableau Prep or other data analytical tools preferred
• Advanced level knowledge of Financial Accounting, with experience tracking project and program level budgets and burn rates preferred ?

Education:
• Bachelor's/University degree or equivalent experience, potentially Masters degree

This job description provides a high-level review of the types of work performed. Other job-related duties may be assigned as required.

-------------------------------------------------

Job Family Group: Technology

-------------------------------------------------

Job Family:Data Analytics

------------------------------------------------------

Time Type:Full time

------------------------------------------------------

Citi is an equal opportunity and affirmative action employer.

Qualified applicants will receive consideration without regard to their race, color, religion, sex, sexual orientation, gender identity, national origin, disability, or status as a protected veteran.

Citigroup Inc. and its subsidiaries (""Citi ) invite all qualified interested applicants to apply for career opportunities. If you are a person with a disability and need a reasonable accommodation to use our search tools and/or apply for a career opportunity review Accessibility at Citi .

View the "" EEO is the Law "" poster. View the EEO is the Law Supplement .

View the EEO Policy Statement .

View the Pay Transparency Posting

-----------------------------

Effective November 1, 2021, Citi requires that all successful applicants for positions located in the United States or Puerto Rico be fully vaccinated against COVID-19 as a condition of employment and provide proof of such vaccination prior to commencement of employment",2 days ago,Full-time,,
Data Analytics Analyst and Developer,Citi,"Middleburg, FL",via WHNT Jobs,"The Data Analytics Lead Analyst is a strategic professional who stays abreast of developments within own field and contributes to directional strategy by considering their application in own job and the business. Recognized technical authority for an area within the business. Requires basic commercial awareness. There are typically multiple people within the business that provide the same level... of subject matter expertise. Developed communication and diplomacy skills are required in order to guide, influence and convince others, in particular colleagues in other areas and occasional external customers. Significant impact on the area through complex deliverables. Provides advice and counsel related to the technology or operations of the business. Work impacts an entire area, which eventually affects the overall performance and effectiveness of the sub-function/job family.

Responsibilities:
• Manage the collection, transformation and utilization of data to support the business demand
• Apply Financial and Resource Management business acumen to data to sort, label and connect data in a useable format
• Perform acceptance reviews of team's analysis to identify issues with User Experience, data quality, data presentation or data completeness

Qualifications:
• 4+ years experience in either Financial Services, Application Development or Human Resources markets performing business analysis functions
• Expert level MS Excel user able to demonstrate pivot tables, lookups, complex calculations, macros, and other advanced functions
• 2+ years experience creating and using SQL to utilize database (access, postgres, or other databases) capabilities
• Excellent analytical skills linking diverse data sets to provide seamless views
• Experience with Cognos Report Writer, Tableau Creator, Tableau Prep or other data analytical tools preferred
• Advanced level knowledge of Financial Accounting, with experience tracking project and program level budgets and burn rates preferred ?

Education:
• Bachelor's/University degree or equivalent experience, potentially Masters degree

This job description provides a high-level review of the types of work performed. Other job-related duties may be assigned as required.

-------------------------------------------------

Job Family Group: Technology

-------------------------------------------------

Job Family:Data Analytics

------------------------------------------------------

Time Type: Full time

------------------------------------------------------

Citi is an equal opportunity and affirmative action employer.

Qualified applicants will receive consideration without regard to their race, color, religion, sex, sexual orientation, gender identity, national origin, disability, or status as a protected veteran.

Citigroup Inc. and its subsidiaries (""Citi?) invite all qualified interested applicants to apply for career opportunities. If you are a person with a disability and need a reasonable accommodation to use our search tools and/or apply for a career opportunity review Accessibility at Citi .

View the "" EEO is the Law "" poster. View the EEO is the Law Supplement .

View the EEO Policy Statement .

View the Pay Transparency Posting

-----------------------------

Effective November 1, 2021, Citi requires that all successful applicants for positions located in the United States or Puerto Rico be fully vaccinated against COVID-19 as a condition of employment and provide proof of such vaccination prior to commencement of employment",2 days ago,Full-time,,https://jobs.myfox8.com/jobs/data-analytics-analyst-and-developer-florida-city-florida/616378595-2/?utm_campaign=google_jobs_apply&utm_source=google_jobs_apply&utm_medium=organic
Data Analyst II,CAE,"Tampa, FL (+1 other)",via LinkedIn,"Role and Responsibilities

The Data Analyst will be responsible for supporting programs and departments throughout the organization by gathering, verifying, formatting and visualizing data for the business to gain insight and improve decision-making. They will work closely with internal and external customers and management to develop and deploy data analysis and statistical analysis strategies to improve overall performance of the business. The focus of the Data Analyst is to assess data quality, correlation, and identify/interpret trends or patterns in large complex datasets representing the performance of the business. The Data Analyst must then communicate the results of their analysis to the relevant stakeholders in order for the information to be actionable by the stakeholders for performance assessment and/or improvement.

Essential Duties And Responsibilities

Reasonable accommodations may be made to enable individuals with disabilities to perform the essential functions.
 Provide on-going support to programs, departments, IT and management with data activities.
 Facilitate understanding, buy-in, and solution development for data activities.
 Synthesize data requests from internal and external customers for planning and execution of data initiatives throughout the organization.
 Excellent written and verbal communication skills required. Must be able to communicate technical concepts effectively to all levels of the organization.
 Understand the links between data, processes, systems and people including the full lifecycle of data creation, data quality, data analysis, visualizations and reporting.
 Creation of dashboards and data visualizations for internal and external customers.
 Assess data quality, correlation, and able to analyze and interpret trends or patterns in large complex datasets.
 Investigate questionable data values, outliners, sources and drivers to determine if the data sources or data transformations and processing are the cause of the questionable data.
 Serve as the data source verification tester for data sources created by the Data Scientist to address the Data Analyst supported efforts.
 Provide mentorship to Data Analyst I resources

Qualifications And Education Requirements
 Bachelors of Science Degree in Mathematics, Data Analytics, Economics, Computer Science, Statistics, Business or related field.
 No previous experience required.

or
 Associates Degree in Mathematics, Data Analytics, Economics, Computer Science, Statistics, Business or related field.
 Must posses at least 3 years of total experience in Data Analytics, Simulation and Training or related industry.

Preferred Skills
 Proficient with Statistical Analysis concepts
 Proficient with databases, data reporting, and statistical analysis packages (SQL, Excel, ETL, etc.)
 Knowledge or experience in the use of Six Sigma / Lean methodologies a plus

Security Responsibilities

Must comply with all company security and data protection / usage policies and procedures. Personally responsible for proper marking and handling of all information and materials, in any form. Shall not divulge any information, or afford access, to other employees not having a need-to-know. Shall not divulge information outside company without management approval. All government and proprietary information will be accessed and stored electronically on company provided resources.
 Must be eligible for DoD Personal Security Clearance

Work Environment and Physical Demands

This job operates in a professional office environment. This role routinely uses standard office equipment such as computers, phones, photocopiers, filing cabinets and fax machines.
 Must have the ability to travel and work overtime as necessary.
 Must be able to sit and operate a personal computer for long periods of time

As part of Executive Order 14042, you may be required to be fully vaccinated against COVID-19 by January 4, 2022. CAE USA will consider employee requests for exemptions to the vaccination requirements based on medical/disability or sincerely held religious beliefs. All requests will be reviewed in accordance with applicable laws and must be approved by CAE USA prior to employment.

Other Duties

Please note this job description is not designed to cover or contain a comprehensive listing of activities, duties or responsibilities that are required of the employee for their job. Duties, responsibilities, and activities may change at any time with or without notice.

CAE USA Inc. is an EOE/AA employer and gives consideration for employment to all qualified applicants without regard to race, color, religion, sex, sexual orientation, gender identity, national origin, disability or protected veteran status. If youd like more information about your EEO rights as an applicant under the law, please click here EEO is the Law poster.

PAY TRANSPARENCY NONDISCRIMINATION PROVISION The contractor will not discharge or in any other manner discriminate against employees or applicants because they have inquired about, discussed, or disclosed their own pay or the pay of another employee or applicant. However, employees who have access to the compensation information of other employees or applicants as a part of their essential job functions cannot disclose the pay of other employees or applicants to individuals who do not otherwise have access to compensation information, unless the disclosure is (a) in response to a formal complaint or charge, (b) in furtherance of an investigation, proceeding, hearing, or action, including an investigation conducted by the employer, or (c) consistent with the contractors legal duty to furnish information.

Position Type

Regular

CAE thanks all applicants for their interest. However, only those whose background and experience match the requirements of the role will be contacted.

Equal Employment Opportunity

At CAE, everyone is welcome to contribute to our success. With no exception.

As captured in our overarching value ""One CAE"", were proud to work as one passionate, boundaryless and inclusive team.

At CAE, all employees are welcome regardless of race, nationality, colour, religion, sex, gender identity or expression, sexual orientation, disability or age.

The masculine form may be used in this job description solely for ease of reading, but refers to men, women and the gender divers",7 days ago,Full-time,nan-Paid time off,https://www.linkedin.com/jobs/view/data-analyst-ii-at-cae-3104626978/?utm_campaign=google_jobs_apply&utm_source=google_jobs_apply&utm_medium=organic
Data Analytics Analyst and Developer,Citi,"Yulee, FL",via WKRG Jobs,"The Data Analytics Lead Analyst is a strategic professional who stays abreast of developments within own field and contributes to directional strategy by considering their application in own job and the business. Recognized technical authority for an area within the business. Requires basic commercial awareness. There are typically multiple people within the business that provide the same level... of subject matter expertise. Developed communication and diplomacy skills are required in order to guide, influence and convince others, in particular colleagues in other areas and occasional external customers. Significant impact on the area through complex deliverables. Provides advice and counsel related to the technology or operations of the business. Work impacts an entire area, which eventually affects the overall performance and effectiveness of the sub-function/job family.

Responsibilities:
• Manage the collection, transformation and utilization of data to support the business demand
• Apply Financial and Resource Management business acumen to data to sort, label and connect data in a useable format
• Perform acceptance reviews of team's analysis to identify issues with User Experience, data quality, data presentation or data completeness

Qualifications:
• 4+ years experience in either Financial Services, Application Development or Human Resources markets performing business analysis functions
• Expert level MS Excel user able to demonstrate pivot tables, lookups, complex calculations, macros, and other advanced functions
• 2+ years experience creating and using sql to utilize database (access, postgres, or other databases) capabilities
• Excellent analytical skills linking diverse data sets to provide seamless views
• Experience with Cognos Report Writer, Tableau Creator, Tableau Prep or other data analytical tools preferred
• Advanced level knowledge of Financial Accounting, with experience tracking project and program level budgets and burn rates preferred ?

Education:
• Bachelor's/University degree or equivalent experience, potentially Masters degree

This job description provides a high-level review of the types of work performed. Other job-related duties may be assigned as required.

-------------------------------------------------

Job Family Group: Technology

-------------------------------------------------

Job Family:Data Analytics

------------------------------------------------------

Time Type:Full time

------------------------------------------------------

Citi is an equal opportunity and affirmative action employer.

Qualified applicants will receive consideration without regard to their race, color, religion, sex, sexual orientation, gender identity, national origin, disability, or status as a protected veteran.

Citigroup Inc. and its subsidiaries (""Citi ) invite all qualified interested applicants to apply for career opportunities. If you are a person with a disability and need a reasonable accommodation to use our search tools and/or apply for a career opportunity review Accessibility at Citi .

View the "" EEO is the Law "" poster. View the EEO is the Law Supplement .

View the EEO Policy Statement .

View the Pay Transparency Posting

-----------------------------

Effective November 1, 2021, Citi requires that all successful applicants for positions located in the United States or Puerto Rico be fully vaccinated against COVID-19 as a condition of employment and provide proof of such vaccination prior to commencement of employment",9 days ago,Full-time,,https://jobs.cbs4indy.com/jobs/data-analytics-analyst-and-developer-yulee-florida/617778531-2/?utm_campaign=google_jobs_apply&utm_source=google_jobs_apply&utm_medium=organic
"VP, AML KYC - High Risk Account Classification - Data Analytics",Citi,"Ruskin, FL",via MYFOX8 Jobs,"The Data Science Lead Analyst is a strategic professional who stays abreast of developments within own field and contributes to directional strategy by considering their application in own job and the business. Recognized technical authority for an area within the business. Requires basic commercial awareness. There are typically multiple people within the business that provide the same level of... subject matter expertise. Developed communication and diplomacy skills are required in order to guide, influence and convince others, in particular colleagues in other areas and occasional external customers. Significant impact on the area through complex deliverables. Provides advice and counsel related to the technology or operations of the business. Work impacts an entire area, which eventually affects the overall performance and effectiveness of the sub-function/job family.

Responsibilities:
• Conducts strategic data analysis, identifies insights and implications and make strategic recommendations, develops data displays that clearly communicate complex analysis.
• Mines and analyzes data from various banking platforms to drive optimization and improve data quality.
• Deliver analytics initiatives to address business problems with the ability to determine data required, assess time & effort required and establish a project plan.
• Consults with business clients to identify system functional specifications. Applies comprehensive understanding of how multiple areas collectively integrate to contribute towards achieving business goals.
• Consults with users and clients to solve complex system issues/problems through in-depth evaluation of business processes, systems and industry standards; recommends solutions.
• Leads system change process from requirements through implementation; provides user and operational support of application to business users.
• Formulates and defines systems scope and goals for complex projects through research and fact-finding combined with an understanding of applicable business systems and industry standards.
• Impacts the business directly by ensuring the quality of work provided by self and others; impacts own team and closely related work teams.
• Considers the business implications of the application of technology to the current business environment; identifies and communicates risks and impacts.
• Drives communication between business leaders and IT; exhibits sound and comprehensive communication and diplomacy skills to exchange complex information.
• Conduct workflow analysis, business process modeling; develop use cases, test plans, and business rules; assist in user acceptance testing.
• Collaborate on design and implementation of workflow solutions that provide long term scalability, reliability, and performance, and integration with reporting.
• Develop in-depth knowledge and proficiency of supported business areas and engage business partners in evaluating opportunities for process integration and refinement.
• Gather requirements and provide solutions across Business Sectors
• Partner with cross functional teams to analyze, deconstruct, and map current state process and identify improvement opportunities including creation of target operation models.
• Assist in negotiating for resources owned by other areas in order ensure required work is completed on schedule
• Develop and maintain documentation on an ongoing basis, and train new and existing users
• Direct the communication of status, issue, and risk disposition to all stakeholders, including Senior Management
• Direct the identification of risks which impact project delivery and ensure mitigation strategies are developed and executed when necessary
• Ensure that work flow business case/cost benefit analyses are in line with business objectives
• Deliver coherent and concise communications detailing the scope, progress and results of initiatives underway
• Develop strategies to reduce costs, manage risk, and enhance services
• Deploy influencing and Matrix management skills in order to ensure technology solutions meet business requirements
• Performs other duties and functions as assigned.
• Appropriately assess risk when business decisions are made, demonstrating particular consideration for the firm's reputation and safeguarding Citigroup, its clients and assets, by driving compliance with applicable laws, rules and regulations, adhering to Policy, applying sound ethical judgment regarding personal behavior, conduct and business practices, and escalating, managing and reporting control issues with transparency.

Qualifications:
• MBA or Advanced Degree Information Systems, Business Analysis/Computer Science
• 6-10 years experience using tools for statistical modeling of large data sets
• Process Improvement or Project Management experience

Education:
• Bachelor's/University degree or equivalent experience
• Masters degree preferred

This job description provides a high-level review of the types of work performed. Other job-related duties may be assigned as required.

-------------------------------------------------

Job Family Group: Technology

-------------------------------------------------

Job Family:Data Science

------------------------------------------------------

Time Type: Full time

------------------------------------------------------

Citi is an equal opportunity and affirmative action employer.

Qualified applicants will receive consideration without regard to their race, color, religion, sex, sexual orientation, gender identity, national origin, disability, or status as a protected veteran.

Citigroup Inc. and its subsidiaries (""Citi?) invite all qualified interested applicants to apply for career opportunities. If you are a person with a disability and need a reasonable accommodation to use our search tools and/or apply for a career opportunity review Accessibility at Citi .

View the "" EEO is the Law "" poster. View the EEO is the Law Supplement .

View the EEO Policy Statement .

View the Pay Transparency Posting

-----------------------------

Effective November 1, 2021, Citi requires that all successful applicants for positions located in the United States or Puerto Rico be fully vaccinated against COVID-19 as a condition of employment and provide proof of such vaccination prior to commencement of employment",2 days ago,Full-time,,"https://www.computerjobs.com/us/en/search-jobs-in-Florida,-USA/VP-AML-KYC-HIGH-RISK-ACCOUNT-CLASSIFICATION-DATA-ANALYTICS-FFD3166495E5A18DDB/?utm_campaign=google_jobs_apply&utm_source=google_jobs_apply&utm_medium=organic"
Advanced Data Analyst,EA SPORTS,"Orlando, FL",via LinkedIn,"As an Advanced Data Analyst you will focus on mining and cleaning data from primary and secondary sources then analyze and interpret results using standard statistical tools and techniques. You will pinpoint trends, correlations and patterns in complex data sets and identify new opportunities to help us conduct process improvement and making decisions. You will report to the Development Director... of Analytics.

What you will do as an Advanced Data Analyst at EA:
• You will prepare detailed reports and presentations that help your team identify essential areas of opportunity and insight to guide future design.
• You will guide, influence, and lead the development of new techniques within data analysis.
• You will evaluate and interpret data to find risks and opportunities, relaying them to the team and management.
• You will connect with multiple data providers and customers in the organization, specifically in the development of data requests, checking of data received and following up on data issues.
• You will conduct analysis using SQL and other database tools.
• You will drive best practices in tools and visual technologies to help evolve the project dashboards to provide essential data for project monitoring.
• You will help us develop data solutions and data governance practices to support us in our Organization's data transformation.
• You will develop scripts and queries to import and manipulate clean data from multiple sources.
• You will be a Champion for data quality; create data quality policy and implement monitoring to ensure compliance.
• You will mentor other Data Analysts from a technical perspective.
• You will be an advocate for Data Governance

The Next Great Advanced Data Analyst Needs
• Minimum of 5 years of professional experience performing all aspects of business and enterprise level analysis
• Education in Business, Statistics, Economics, Data Science, Analytics, or a related field
• Programming and Database experienced with advanced SQL experience and of other languages such as C#, JavaScript, Python, and R
• Experience extracting and analyzing data from project workflow and defect management tools, such as from DevTrack, Hansoft or DevTest
• Build data modeling and data warehousing
• Used Machine Learning
• An enthusiasm for creating solutions involving all team members
• Excited to manage processes to increase efficiency on behalf of the team.
• Develop relationships with development partners, customers, support teams and management",4 days ago,Full-time,,https://www.linkedin.com/jobs/view/advanced-data-analyst-at-ea-sports-3037005016/?utm_campaign=google_jobs_apply&utm_source=google_jobs_apply&utm_medium=organic
Data Analyst II- Remote in FL,Sunshine State Health Plan,"Plantation, FL",via Centene - Centene Corporation,"You could be the one who changes everything for our 25 million members. Centene is transforming the health of our communities, one person at a time. As a diversified, multi-national organization, you’ll have access to competitive benefits including a fresh perspective on workplace flexibility
• Open to remote in FL
...
Position Purpose:
• Analyze health management programs including: data collection, validation and outcome measurement. May include:
• o Financial, pharmacy, claims, provider, and member data
• o IRS, CMS, HHSC, HEDIS reporting
• o Internal data cleansing and data reconciliation analysis
• o Trend analysis in various functional areas of health care management.
• Create and generate reports through MS-Excel, MS-Access, and SQL using Business Objects interface and direct links to core databases (ODS/EDW)
• Produce reports for and interface with senior management and internal and external stakeholders.
• Gather and interpret business requirements and monitor data trends to proactively identify issues
• Execute data changes and update core systems as needed
• Handle multiple projects and timelines effectively and communicate risks and issues to manager regularly
• Assist with training lower level Data Analysts.

Flexible work solutions including remote options, hybrid work schedules and dress flexibility

Competitive pay

Paid Time Off including paid holidays

Health insurance coverage for you and dependents

401(k) and stock purchase plans

Tuition reimbursement and best-in-class training and development

Responsible for analytical data needs. Handle complex data requests, reports, and predictive data modeling.

Knowledge/Experience:
Bachelor’s degree’s related field or equivalent experience. 2+ years of statistical analysis or data analysis experience. Advanced knowledge of Business Objects, SQL, and Microsoft Applications, including Excel and Access.

HEDIS:
Bachelor’s degree related field or equivalent experience. 2+ years of statistical analysis or data analysis experience or 1+ years of HEDIS data analysis experience including measurement and rates impacted. Advanced knowledge of Business Objects, SQL, and Microsoft Applications, including Excel and Access.

BUSINESS ANALYTICS:
Bachelor’s degree related field or equivalent experience. 2+ years of statistical analysis or data analysis experience or 1+ years of related IT experience, including data warehouse, coding or ETL experience. Advanced knowledge of Business Objects, SQL, and Microsoft Applications, including Excel and Access.

PHARMACY UNDERWRITING:
Bachelor’s degree related field or equivalent experience. 2+ years of statistical analysis or data analysis experience or 1+ years of related financial or IT experience, including data warehouse, SQL, coding experience, financial reporting / auditing, Underwriting, client reporting or predictive analytic experience. Intermediate knowledge of Business Objects, SQL, and Microsoft applications, including Excel and Access.

Centene is an equal opportunity employer that is committed to diversity, and values the ways in which we are different. All qualified applicants will receive consideration for employment without regard to race, color, religion, sex, sexual orientation, gender identity, national origin, disability, veteran status, or other characteristic protected by applicable law",,Full-time,,"https://www.glassdoor.com/job-listing/data-analyst-ii-remote-in-fl-centene-JV_IC1166193_KO0,28_KE29,36.htm?jl=1007760866741&utm_campaign=google_jobs_apply&utm_source=google_jobs_apply&utm_medium=organic"
Operational Risk Group Manager - Data Analytics - SVP - Hybrid,Citi,"Middleburg, FL",via FOX59 Jobs,"The Operational Risk Grp Manager is accountable for management of complex/critical/large professional disciplinary areas. Leads and directs a team of professionals. Requires a comprehensive understanding of multiple areas within a function and how they interact in order to achieve the objectives of the function. Applies in-depth understanding of the business impact of technical contributions... Strong business awareness is a necessity. Generally accountable for delivery of a full range of services to one or more businesses/ geographic regions. Excellent communication skills required in order to negotiate internally, often at a senior level. Some external communication may be necessary. Accountable for the end results of an area. Exercises control over resources, policy formulation and planning. Primarily affects a sub-function. Involved in short- to medium-term planning of actions and resources for own area. Full management responsibility of a team or multiple teams, including management of people, budget and planning, to include performance evaluation, compensation, hiring, disciplinary actions and terminations and budget approval.

Responsibilities:
• Develops targeted risk and control data reporting for US Retail Bank and Mortgage sourced through comprehensive data analysis. Applies operational risk policies, technology and tools, and governance processes to create lasting solutions for minimizing losses from failed internal processes, inadequate controls, and emerging risks.
• Identifies opportunities to streamline, simplify and coordinate access to various data and data sources
• Independently assesses and identifies risks and risk themes through data analytics in order to inform and drive actions to address the root causes that persistently lead to operational risk losses by challenging both historical and proposed practices.
• Coordinates and executes required operational risk governance routines, meetings and materials
• Develops and delivers comprehensive routine and ad hoc risk and control reporting for Assessment Units and MGE owners
• Serves as a support function working in concert with the Business Control teams and other stakeholders to identify risks
• Coordinates and provides regulatory and internal risk and control related materials for presentation in internal and external forums and meetings
• Confirms escalation of events/risks to appropriate governance forums
• Executes Records Management activities
• Coordinates and executes required business and risk attestations
• Drives - Operation Risk Anticipation, Mitigation and Loss Recovery (and respective Recovery Plans)
• Ensures Operation Risk Policy implementation and exception approvals
• Informs Operational Risk Council on Sub-Segment Level OR related matters
• Attends In Business Risk Committees
• Appropriately assess risk when business decisions are made, demonstrating particular consideration for the firm's reputation and safeguarding Citigroup, its clients and assets, by driving compliance with applicable laws, rules and regulations, adhering to Policy, applying sound ethical judgment regarding personal behavior, conduct and business practices, and escalating, managing and reporting control issues with transparency, as well as effectively supervise the activity of others and create accountability with those who fail to maintain these standards.

Qualifications:
• 10+ years relevant experience
• Expertise with creating and managing complex data files and data models
• Expertise in data related programs (i.e. Microsoft Excel, Cognos, etc.)
• Significant experience in Operational Risk is a must. Other risk and control disciplines would be a plus - credit, and market.
• Expertise in the following would be beneficial: Fraud Awareness and Risk Management Operations and Systems (Information Security Standards, Vendor/Outsourcing Management and MCA Legal and Regulatory Compliance Management of a global operations and a complex environment that includes global teams.
• Strong knowledge of US Retail Bank and Mortgage business processes
• Excellent communication skills, including experience presenting to senior leaders - verbal & written
• Education:
• Bachelor's/University degree, Master's degree preferred

-------------------------------------------------

Job Family Group: Risk Management

-------------------------------------------------

Job Family:Operational Risk

------------------------------------------------------

Time Type:Full time

------------------------------------------------------

Citi is an equal opportunity and affirmative action employer.

Qualified applicants will receive consideration without regard to their race, color, religion, sex, sexual orientation, gender identity, national origin, disability, or status as a protected veteran.

Citigroup Inc. and its subsidiaries (""Citi ) invite all qualified interested applicants to apply for career opportunities. If you are a person with a disability and need a reasonable accommodation to use our search tools and/or apply for a career opportunity review Accessibility at Citi .

View the "" EEO is the Law "" poster. View the EEO is the Law Supplement .

View the EEO Policy Statement .

View the Pay Transparency Posting

-----------------------------

Effective November 1, 2021, Citi requires that all successful applicants for positions located in the United States or Puerto Rico be fully vaccinated against COVID-19 as a condition of employment and provide proof of such vaccination prior to commencement of employment",2 days ago,Full-time,,https://www.jobserve.com/us/en/JobLanding.aspx?r=1&jid=43560FB265C67E4EBB&src=
Deal Analytics - Senior Associate,PwC,"Tampa, FL",via FOX46 Jobs,"A career in our Deals Data and Analytics practice, within Deals Transaction Services, will provide you with the opportunity to help our clients with the deal process and deliver outstanding services both pre-deal and post-deal from the perspective of mergers and acquisitions data analysis.

As an expert in Deals Data Analytics, you will deal with large volume business data, including performing... data extraction, transformation, modelling, data visualisation, benchmarking, and analysis from a merger and acquisition prospective as well as cooperating with other due diligence or post deal service teams to support various deals projects. By means of data analytics, you are expected to utilise various data technology including data visualisation, data mining, big data techniques, to identify key merger and acquisition pre-deal risks and issues to help our clients realise their deal value and continously push their post deal strategy going forward.

To really stand out and make us fit for the future in a constantly changing world, each and every one of us at PwC needs to be a purpose-led and values-driven leader at every level. To help us achieve this we have the PwC Professional; our global leadership development framework. It gives us a single set of expectations across our lines, geographies and career paths, and provides transparency on the skills we need as individuals to be successful and progress in our careers, now and in the future.

As a Senior Associate, you'll work as part of a team of problem solvers, helping to solve complex business issues from strategy to execution. PwC Professional skills and responsibilities for this management level include but are not limited to:
• Use feedback and reflection to develop self awareness, personal strengths and address development areas.
• Delegate to others to provide stretch opportunities, coaching them to deliver results.
• Demonstrate critical thinking and the ability to bring order to unstructured problems.
• Use a broad range of tools and techniques to extract insights from current industry or sector trends.
• Review your work and that of others for quality, accuracy and relevance.
• Know how and when to use tools available for a given situation and can explain the reasons for this choice.
• Seek and embrace opportunities which give exposure to different situations, environments and perspectives.
• Use straightforward communication, in a structured way, when influencing and connecting with others.
• Able to read situations and modify behavior to build quality relationships.
• Uphold the firm's code of ethics and business conduct.

A career in our fast-paced Deal Analytics practice, a business unit within the PwC Deals platform, will provide you with the opportunity to work with top private equity and corporate clients across all sectors on complex and dynamic multi-billion dollar decisions. Each client, deal and situation is unique and the ability to translate data into actionable insights for our clients is crucial to our continued success.

Job Requirements and Preferences :

Basic Qualifications :

Minimum Degree Required :
Bachelor Degree

Required Fields of Study :
Management Information Systems, Mathematics, Statistics, Engineering, Accounting, Finance, Business Administration/Management, Data Processing/Analytics/Science, Computer and Information Science, Economics

Minimum Years of Experience :
3 year(s)

Preferred Qualifications :

Degree Preferred :
Master Degree

Preferred Knowledge/Skills :

Our team is a blend of deals and consulting professionals with an ability to work with data and team across our practice to bring targeted commercial and operational insights through a blend of industry specific experience and cutting edge techniques. We are looking for individuals who demonstrate some level of knowledge of and proven record of success in one or both of the following areas:

Business Acumen
• Some level of ability working on high performing teams preferably in data analytics, consulting, and/or private equity;
• Some level of ability working with business frameworks to analyze markets and assess company position and performance;
• Some level of ability working with alternative data and market data sets to draw insights on competitive positioning and company performance;
• Some level of knowledge of financial statements, business cycles (revenue, supply chain, etc.), business diligence, financial modeling, and valuation, etc;
• Some level of ability working in a dynamic, collaborative environment and working under time sensitive client deadlines; and,
• Some level of ability to interact, communicate, and present effectively with external clients and internal firm leadership.

Technical Acumen:
• Some level of ability of collaboration, ingenuity, and innovation to apply tools and techniques to address client questions;
• Some level of ability to synthesize insights and recommendations into a tight and cohesive presentation to clients;
• Some level of ability and a proven track record of data extraction/transformation, analytics, and visualization approaches and a high degree of data fluency;
• Some level of ability with the following: Excel, Alteryx, PowerBI, and Tableau;
• Some level of ability with leveraging data and business intelligence software to turn data into insights;
• Some ability working with relational databases / data models; and,
• Some level of knowledge of and experience with basic programming, including but not limited to: Python, R, SQL, Matlab, C++, etc.

At PwC, our work model includes three ways of working: virtual, in-person, and flex (a hybrid of in-person and virtual). Visit the following link to learn more:

PwC does not intend to hire experienced or entry level job seekers who will need, now or in the future, PwC sponsorship through the H-1B lottery, except as set forth within the following policy:

All qualified applicants will receive consideration for employment at PwC without regard to race; creed; color; religion; national origin; sex; age; disability; sexual orientation; gender identity or expression; genetic predisposition or carrier status; veteran, marital, or citizenship status; or any other status protected by law. PwC is proud to be an affirmative action and equal opportunity employer.

For positions based in San Francisco, consideration of qualified candidates with arrest and conviction records will be in a manner consistent with the San Francisco Fair Chance Ordinance.

For positions in Colorado, visit the following link for information related to Colorado's Equal Pay for Equal Work Act",10 hours ago,Full-time,,https://jobs.fox59.com/jobs/deal-analytics-senior-associate-tampa-florida/617776381-2/?utm_campaign=google_jobs_apply&utm_source=google_jobs_apply&utm_medium=organic
